6/17/17,10:17:0,, ,, ,0.00,0.00,,4.03
6/17/17,10:18:0,, ,, ,0.00,0.00,,4.02
6/17/17,10:19:0,, ,, ,0.00,0.36,,4.03
6/17/17,10:20:0,, ,, ,0.00,0.95,,4.03
6/17/17,10:21:9,, ,, ,0.00,0.64,,4.03
6/17/17,10:22:0,, ,, ,0.00,0.85,,4.03
6/17/17,10:23:0,, ,, ,0.00,0.30,,4.03
6/17/17,10:24:0,, ,, ,0.00,0.00,,4.02
6/17/17,10:25:0,, ,, ,0.00,0.08,,4.03
6/17/17,10:26:9,, ,, ,0.00,0.00,,4.03
6/17/17,10:27:0,, ,, ,0.00,0.00,,4.02
6/17/17,10:28:0,, ,, ,0.00,0.00,,4.02
6/17/17,10:29:0,, ,, ,0.00,0.00,,4.03
6/17/17,10:30:0,, ,, ,0.00,0.00,,4.03
6/17/17,10:31:11,8025.3310546875,W,3713.9113769531,N,637.70,0.00,,4.03
6/17/17,10:32:0,, ,, ,0.00,0.00,,4.03
6/17/17,10:33:0,, ,, ,0.00,0.00,,4.02
6/17/17,10:34:0,, ,, ,0.00,0.00,,4.02
6/17/17,10:35:0,, ,, ,0.00,0.01,,4.03
6/17/17,10:37:0,8024.0659179688,W,3713.2810058594,N,182.80,0.00,,4.03
6/17/17,10:38:0,, ,, ,0.00,0.00,,4.02
6/17/17,10:39:0,, ,, ,0.00,0.38,,4.02
6/17/17,10:40:0,, ,, ,0.00,0.00,,4.03
6/17/17,10:41:9,, ,, ,0.00,0.00,,4.03
6/17/17,10:42:0,, ,, ,0.00,0.00,,4.02
6/17/17,10:43:0,, ,, ,0.00,0.00,,4.03
6/17/17,10:44:0,, ,, ,0.00,0.00,,4.02
6/17/17,10:45:0,, ,, ,0.00,0.05,,4.02
6/17/17,10:46:13,8024.0659179688,W,3713.2810058594,N,182.80,0.11,,4.03
6/17/17,10:47:0,, ,, ,0.00,0.00,,4.03
6/17/17,10:48:0,, ,, ,0.00,0.00,,4.02
6/17/17,10:49:0,, ,, ,0.00,0.00,,4.03
6/17/17,10:50:0,, ,, ,0.00,0.00,,4.02
6/17/17,10:51:9,, ,, ,0.00,0.00,,4.03
6/17/17,10:52:0,, ,, ,0.00,0.00,,4.02
6/17/17,10:53:0,, ,, ,0.00,0.00,,4.03
6/17/17,10:54:0,, ,, ,0.00,0.00,,4.02
6/17/17,10:55:0,, ,, ,0.00,0.00,,4.02
6/17/17,10:56:9,, ,, ,0.00,0.00,,4.02
6/17/17,10:57:0,, ,, ,0.00,0.00,,4.03
6/17/17,10:58:0,, ,, ,0.00,0.00,,4.02
6/17/17,10:59:0,, ,, ,0.00,0.00,,4.02
6/17/17,11:0:45,, ,, ,0.00,0.00,,4.03
6/17/17,11:1:25,8023.9946289062,W,3712.9228515625,N,651.00,0.00,,4.02
6/17/17,11:2:0,, ,, ,0.00,0.00,,4.02
6/17/17,11:3:0,, ,, ,0.00,0.00,,4.02
6/17/17,11:4:0,, ,, ,0.00,0.00,,4.02
6/17/17,11:5:0,, ,, ,0.00,0.00,,4.03
6/17/17,11:6:9,, ,, ,0.00,0.00,,4.02
6/17/17,11:7:0,, ,, ,0.00,0.00,,4.02
6/17/17,11:8:0,, ,, ,0.00,0.00,,4.02
6/17/17,11:9:0,, ,, ,0.00,0.00,,4.03
6/17/17,11:10:0,, ,, ,0.00,0.00,,4.02
6/17/17,11:11:9,, ,, ,0.00,0.00,,4.02
6/17/17,11:12:0,, ,, ,0.00,0.00,,4.02
6/17/17,11:13:0,, ,, ,0.00,0.00,,4.02
6/17/17,11:14:0,, ,, ,0.00,0.00,,4.03
6/17/17,11:15:0,, ,, ,0.00,0.00,,4.03
6/17/17,11:16:12,8023.9946289062,W,3712.9228515625,N,651.00,0.00,,4.03
6/17/17,11:17:0,, ,, ,0.00,0.00,,4.02
6/17/17,11:18:0,, ,, ,0.00,0.00,,4.02
6/17/17,11:19:0,, ,, ,0.00,0.00,,4.02
6/17/17,11:20:0,, ,, ,0.00,0.00,,4.02
6/17/17,11:21:9,, ,, ,0.00,0.00,,4.03
6/17/17,11:22:0,, ,, ,0.00,0.00,,4.02
6/17/17,11:23:0,, ,, ,0.00,0.00,,4.02
6/17/17,11:24:0,, ,, ,0.00,0.00,,4.02
6/17/17,11:25:0,, ,, ,0.00,0.00,,4.03
6/17/17,11:26:9,, ,, ,0.00,0.00,,4.02
6/17/17,11:27:0,, ,, ,0.00,0.00,,4.02
6/17/17,11:28:0,, ,, ,0.00,0.00,,4.02
6/17/17,11:29:0,, ,, ,0.00,0.00,,4.02
6/17/17,11:30:0,, ,, ,0.00,0.00,,4.03
6/17/17,11:31:37,8023.9926757812,W,3712.9262695312,N,673.30,0.00,,4.02
6/17/17,11:32:0,, ,, ,0.00,0.00,,4.02
6/17/17,11:33:0,, ,, ,0.00,0.00,,4.02
6/17/17,11:34:0,, ,, ,0.00,0.00,,4.02
6/17/17,11:35:0,, ,, ,0.00,0.00,,4.02
6/17/17,11:36:9,, ,, ,0.00,0.00,,4.03
6/17/17,11:37:0,, ,, ,0.00,0.00,,4.02
6/17/17,11:38:0,, ,, ,0.00,0.00,,4.02
6/17/17,11:39:0,, ,, ,0.00,0.00,,4.02
6/17/17,11:40:0,, ,, ,0.00,0.00,,4.02
6/17/17,11:41:9,, ,, ,0.00,0.00,,4.02
6/17/17,11:42:0,, ,, ,0.00,0.00,,4.02
6/17/17,11:43:0,, ,, ,0.00,0.00,,4.03
6/17/17,11:44:0,, ,, ,0.00,0.00,,4.02
6/17/17,11:45:0,, ,, ,0.00,0.00,,4.02
6/17/17,11:46:11,8023.9926757812,W,3712.9262695312,N,673.30,0.00,,4.02
6/17/17,11:47:0,, ,, ,0.00,0.00,,4.02
6/17/17,11:48:0,, ,, ,0.00,0.00,,4.03
6/17/17,11:49:0,, ,, ,0.00,0.00,,4.03
6/17/17,11:50:0,, ,, ,0.00,0.00,,4.02
6/17/17,11:51:9,, ,, ,0.00,0.00,,4.02
6/17/17,11:52:0,, ,, ,0.00,0.00,,4.02
6/17/17,11:53:0,, ,, ,0.00,0.00,,4.03
6/17/17,11:54:0,, ,, ,0.00,0.00,,4.02
6/17/17,11:55:0,, ,, ,0.00,0.00,,4.02
6/17/17,11:56:9,, ,, ,0.00,0.00,,4.02
6/17/17,11:57:0,, ,, ,0.00,0.00,,4.02
6/17/17,11:58:0,, ,, ,0.00,0.00,,4.02
6/17/17,11:59:0,, ,, ,0.00,0.00,,4.02
6/17/17,12:0:45,, ,, ,0.00,0.00,,4.03
6/17/17,12:1:54,8023.9941406250,W,3712.9230957031,N,652.40,0.00,,4.02
6/17/17,12:2:0,, ,, ,0.00,0.00,,4.02
6/17/17,12:3:0,, ,, ,0.00,0.00,,4.02
6/17/17,12:4:0,, ,, ,0.00,0.00,,4.02
6/17/17,12:5:0,, ,, ,0.00,0.00,,4.03
6/17/17,12:6:9,, ,, ,0.00,0.00,,4.02
6/17/17,12:7:0,, ,, ,0.00,0.00,,4.03
6/17/17,12:8:0,, ,, ,0.00,0.00,,4.02
6/17/17,12:9:0,, ,, ,0.00,0.00,,4.02
6/17/17,12:10:0,, ,, ,0.00,0.00,,4.02
6/17/17,12:11:9,, ,, ,0.00,0.00,,4.02
6/17/17,12:12:0,, ,, ,0.00,0.00,,4.02
6/17/17,12:13:0,, ,, ,0.00,0.00,,4.02
6/17/17,12:14:0,, ,, ,0.00,0.00,,4.02
6/17/17,12:15:0,, ,, ,0.00,0.00,,4.02
6/17/17,12:16:11,8023.9941406250,W,3712.9230957031,N,652.40,0.00,,4.02
6/17/17,12:17:0,, ,, ,0.00,0.00,,4.02
6/17/17,12:18:0,, ,, ,0.00,0.00,,4.02
6/17/17,12:19:0,, ,, ,0.00,0.00,,4.02
6/17/17,12:20:0,, ,, ,0.00,0.00,,4.03
6/17/17,12:21:9,, ,, ,0.00,0.00,,4.02
6/17/17,12:22:0,, ,, ,0.00,0.00,,4.02
6/17/17,12:23:0,, ,, ,0.00,0.00,,4.02
6/17/17,12:24:0,, ,, ,0.00,0.00,,4.02
6/17/17,12:25:0,, ,, ,0.00,0.00,,4.02
6/17/17,12:26:9,, ,, ,0.00,0.00,,4.02
6/17/17,12:27:0,, ,, ,0.00,0.00,,4.02
6/17/17,12:28:0,, ,, ,0.00,0.00,,4.02
6/17/17,12:29:0,, ,, ,0.00,0.00,,4.02
6/17/17,12:30:0,, ,, ,0.00,0.00,,4.02
6/17/17,12:31:17,8023.9975585938,W,3712.9291992188,N,572.90,0.00,,4.02
6/17/17,12:32:0,, ,, ,0.00,0.00,,4.02
6/17/17,12:33:0,, ,, ,0.00,0.00,,4.02
6/17/17,12:34:0,, ,, ,0.00,0.00,,4.03
6/17/17,12:35:0,, ,, ,0.00,0.00,,4.02
6/17/17,12:36:9,, ,, ,0.00,0.00,,4.02
6/17/17,12:37:0,, ,, ,0.00,0.00,,4.02
6/17/17,12:38:0,, ,, ,0.00,0.00,,4.02
6/17/17,12:39:0,, ,, ,0.00,0.00,,4.02
6/17/17,12:40:0,, ,, ,0.00,0.00,,4.02
6/17/17,12:41:9,, ,, ,0.00,0.00,,4.02
6/17/17,12:42:0,, ,, ,0.00,0.00,,4.02
6/17/17,12:43:0,, ,, ,0.00,0.00,,4.02
6/17/17,12:44:0,, ,, ,0.00,0.00,,4.02
6/17/17,12:45:0,, ,, ,0.00,0.00,,4.02
6/17/17,12:46:11,8023.9975585938,W,3712.9291992188,N,572.90,0.00,,4.02
6/17/17,12:47:0,, ,, ,0.00,0.00,,4.03
6/17/17,12:48:0,, ,, ,0.00,0.00,,4.02
6/17/17,12:49:0,, ,, ,0.00,0.00,,4.02
6/17/17,12:50:0,, ,, ,0.00,0.00,,4.02
6/17/17,12:51:9,, ,, ,0.00,0.00,,4.02
6/17/17,12:52:0,, ,, ,0.00,0.00,,4.02
6/17/17,12:53:0,, ,, ,0.00,0.00,,4.02
6/17/17,12:54:0,, ,, ,0.00,0.00,,4.02
6/17/17,12:55:0,, ,, ,0.00,0.00,,4.03
6/17/17,12:56:9,, ,, ,0.00,0.00,,4.02
6/17/17,12:57:0,, ,, ,0.00,0.00,,4.03
6/17/17,12:58:0,, ,, ,0.00,0.00,,4.02
6/17/17,12:59:0,, ,, ,0.00,0.00,,4.02
6/17/17,13:0:45,, ,, ,0.00,0.00,,4.02
6/17/17,13:1:37,8023.9848632812,W,3712.9147949219,N,672.50,0.00,,4.03
6/17/17,13:2:0,, ,, ,0.00,0.00,,4.02
6/17/17,13:3:0,, ,, ,0.00,0.00,,4.02
6/17/17,13:4:0,, ,, ,0.00,0.00,,4.02
6/17/17,13:5:0,, ,, ,0.00,0.00,,4.02
6/17/17,13:6:9,, ,, ,0.00,0.00,,4.02
6/17/17,13:7:0,, ,, ,0.00,0.00,,4.02
6/17/17,13:8:0,, ,, ,0.00,0.00,,4.02
6/17/17,13:9:0,, ,, ,0.00,0.00,,4.02
6/17/17,13:10:0,, ,, ,0.00,0.00,,4.02
6/17/17,13:11:9,, ,, ,0.00,0.00,,4.02
6/17/17,13:12:0,, ,, ,0.00,0.00,,4.02
6/17/17,13:13:0,, ,, ,0.00,0.00,,4.02
6/17/17,13:14:0,, ,, ,0.00,0.00,,4.02
6/17/17,13:15:0,, ,, ,0.00,0.00,,4.02
6/17/17,13:16:11,8023.9848632812,W,3712.9147949219,N,672.50,0.00,,4.02
6/17/17,13:17:0,, ,, ,0.00,0.00,,4.02
6/17/17,13:18:0,, ,, ,0.00,0.00,,4.00
6/17/17,13:19:0,, ,, ,0.00,0.00,,4.02
6/17/17,13:20:0,, ,, ,0.00,0.00,,4.02
6/17/17,13:21:9,, ,, ,0.00,0.00,,4.02
6/17/17,13:22:0,, ,, ,0.00,0.00,,4.02
6/17/17,13:23:0,, ,, ,0.00,0.00,,4.03
6/17/17,13:24:0,, ,, ,0.00,0.00,,4.02
6/17/17,13:25:0,, ,, ,0.00,0.00,,4.02
6/17/17,13:26:9,, ,, ,0.00,0.00,,4.02
6/17/17,13:27:0,, ,, ,0.00,0.00,,4.02
6/17/17,13:28:0,, ,, ,0.00,0.00,,4.02
6/17/17,13:29:0,, ,, ,0.00,0.00,,4.02
6/17/17,13:30:0,, ,, ,0.00,0.00,,4.02
6/17/17,13:31:32,8023.9814453125,W,3712.9091796875,N,677.20,0.00,,4.02
6/17/17,13:32:0,, ,, ,0.00,0.00,,4.02
6/17/17,13:33:0,, ,, ,0.00,0.00,,4.02
6/17/17,13:34:0,, ,, ,0.00,0.00,,4.02
6/17/17,13:35:0,, ,, ,0.00,0.00,,4.02
6/17/17,13:36:9,, ,, ,0.00,0.00,,4.02
6/17/17,13:37:0,, ,, ,0.00,0.00,,4.02
6/17/17,13:38:0,, ,, ,0.00,0.00,,4.02
6/17/17,13:39:0,, ,, ,0.00,0.00,,4.02
6/17/17,13:40:0,, ,, ,0.00,0.00,,4.02
6/17/17,13:41:9,, ,, ,0.00,0.00,,4.02
6/17/17,13:42:0,, ,, ,0.00,0.00,,4.02
6/17/17,13:43:0,, ,, ,0.00,0.00,,4.02
6/17/17,13:44:0,, ,, ,0.00,0.00,,4.02
6/17/17,13:45:0,, ,, ,0.00,0.00,,4.02
6/17/17,13:46:11,8023.9814453125,W,3712.9091796875,N,677.20,0.00,,4.02
6/17/17,13:47:0,, ,, ,0.00,0.00,,4.03
6/17/17,13:48:0,, ,, ,0.00,0.00,,4.02
6/17/17,13:49:0,, ,, ,0.00,0.00,,4.02
6/17/17,13:50:0,, ,, ,0.00,0.00,,4.02
6/17/17,13:51:9,, ,, ,0.00,0.00,,4.02
6/17/17,13:52:0,, ,, ,0.00,0.00,,4.02
6/17/17,13:53:0,, ,, ,0.00,0.00,,4.03
6/17/17,13:54:0,, ,, ,0.00,0.00,,4.02
6/17/17,13:55:0,, ,, ,0.00,0.00,,4.02
6/17/17,13:56:9,, ,, ,0.00,0.00,,4.02
6/17/17,13:57:0,, ,, ,0.00,0.00,,4.02
6/17/17,13:58:0,, ,, ,0.00,0.00,,4.02
6/17/17,13:59:0,, ,, ,0.00,0.00,,4.02
6/17/17,14:0:45,, ,, ,0.00,0.00,,4.02
6/17/17,14:2:9,8023.9946289062,W,3712.9240722656,N,667.50,0.00,,4.02
6/17/17,14:3:0,, ,, ,0.00,0.00,,4.03
6/17/17,14:4:0,, ,, ,0.00,0.00,,4.02
6/17/17,14:5:0,, ,, ,0.00,0.00,,4.02
6/17/17,14:6:9,, ,, ,0.00,0.00,,4.02
6/17/17,14:7:0,, ,, ,0.00,0.00,,4.02
6/17/17,14:8:0,, ,, ,0.00,0.00,,4.02
6/17/17,14:9:0,, ,, ,0.00,0.00,,4.01
6/17/17,14:10:0,, ,, ,0.00,0.00,,4.02
6/17/17,14:11:9,, ,, ,0.00,0.00,,4.02
6/17/17,14:12:0,, ,, ,0.00,0.00,,4.02
6/17/17,14:13:0,, ,, ,0.00,0.00,,4.02
6/17/17,14:14:0,, ,, ,0.00,0.00,,4.02
6/17/17,14:15:0,, ,, ,0.00,0.00,,4.02
6/17/17,14:16:11,8023.9946289062,W,3712.9240722656,N,667.50,0.00,,4.02
6/17/17,14:17:0,, ,, ,0.00,0.00,,4.02
6/17/17,14:18:0,, ,, ,0.00,0.00,,4.02
6/17/17,14:19:0,, ,, ,0.00,0.00,,4.02
6/17/17,14:20:0,, ,, ,0.00,0.00,,4.02
6/17/17,14:21:9,, ,, ,0.00,0.00,,4.02
6/17/17,14:22:0,, ,, ,0.00,0.00,,4.02
6/17/17,14:23:0,, ,, ,0.00,0.00,,4.02
6/17/17,14:24:0,, ,, ,0.00,0.00,,4.02
6/17/17,14:25:0,, ,, ,0.00,0.00,,4.02
6/17/17,14:26:9,, ,, ,0.00,0.00,,4.02
6/17/17,14:27:0,, ,, ,0.00,0.00,,4.02
6/17/17,14:28:0,, ,, ,0.00,0.00,,4.02
6/17/17,14:29:0,, ,, ,0.00,0.00,,4.02
6/17/17,14:30:0,, ,, ,0.00,0.00,,4.02
6/17/17,14:31:32,8023.9951171875,W,3712.9243164062,N,672.40,0.00,,4.02
6/17/17,14:32:0,, ,, ,0.00,0.00,,4.02
6/17/17,14:33:0,, ,, ,0.00,0.00,,4.02
6/17/17,14:34:0,, ,, ,0.00,0.00,,4.02
6/17/17,14:35:0,, ,, ,0.00,0.00,,4.02
6/17/17,14:36:9,, ,, ,0.00,0.00,,4.02
6/17/17,14:37:0,, ,, ,0.00,0.00,,4.02
6/17/17,14:38:0,, ,, ,0.00,0.90,,4.02
6/17/17,14:39:0,, ,, ,0.00,0.84,,4.02
6/17/17,14:40:0,, ,, ,0.00,1.50,,4.02
6/17/17,14:41:9,, ,, ,0.00,0.00,,4.02
6/17/17,14:42:0,, ,, ,0.00,0.29,,4.02
6/17/17,14:43:0,, ,, ,0.00,0.55,,4.01
6/17/17,14:44:0,, ,, ,0.00,0.40,,4.02
6/17/17,14:45:0,, ,, ,0.00,0.78,,4.02
6/17/17,14:46:11,8023.9951171875,W,3712.9243164062,N,672.40,0.00,,4.02
6/17/17,14:47:0,, ,, ,0.00,0.00,,4.02
6/17/17,14:48:0,, ,, ,0.00,0.00,,4.02
6/17/17,14:49:0,, ,, ,0.00,0.00,,4.02
6/17/17,14:50:0,, ,, ,0.00,0.14,,4.02
6/17/17,14:51:9,, ,, ,0.00,0.00,,4.02
6/17/17,14:52:0,, ,, ,0.00,0.26,,4.02
6/17/17,14:53:0,, ,, ,0.00,0.35,,4.02
6/17/17,14:54:0,, ,, ,0.00,0.00,,4.02
6/17/17,14:55:0,, ,, ,0.00,0.38,,4.02
6/17/17,14:56:9,, ,, ,0.00,1.16,,4.02
6/17/17,14:57:0,, ,, ,0.00,0.85,,4.02
6/17/17,14:58:0,, ,, ,0.00,0.15,,4.02
6/17/17,14:59:0,, ,, ,0.00,0.56,,4.02
6/17/17,15:0:45,, ,, ,0.00,0.00,,4.02
6/17/17,15:1:33,8024.0668945312,W,3712.9895019531,N,635.30,0.00,,4.01
6/17/17,15:2:0,, ,, ,0.00,0.00,,4.01
6/17/17,15:3:0,, ,, ,0.00,0.00,,4.01
6/17/17,15:4:0,, ,, ,0.00,0.00,,4.01
6/17/17,15:5:0,, ,, ,0.00,0.00,,4.02
6/17/17,15:6:9,, ,, ,0.00,0.00,,4.02
6/17/17,15:7:0,, ,, ,0.00,0.00,,4.02
6/17/17,15:8:0,, ,, ,0.00,0.00,,4.02
6/17/17,15:9:0,, ,, ,0.00,0.00,,4.09
6/17/17,15:10:0,, ,, ,0.00,0.00,,4.02
6/17/17,15:11:9,, ,, ,0.00,0.00,,4.02
6/17/17,15:12:0,, ,, ,0.00,0.00,,4.02
6/17/17,15:13:0,, ,, ,0.00,0.00,,4.02
6/17/17,15:14:0,, ,, ,0.00,0.00,,4.02
6/17/17,15:15:0,, ,, ,0.00,0.00,,4.02
6/17/17,15:16:11,8024.0668945312,W,3712.9895019531,N,635.30,0.00,,4.02
6/17/17,15:17:0,, ,, ,0.00,0.00,,4.00
6/17/17,15:18:0,, ,, ,0.00,0.00,,4.01
6/17/17,15:19:0,, ,, ,0.00,0.00,,4.02
6/17/17,15:20:0,, ,, ,0.00,0.00,,4.02
6/17/17,15:21:9,, ,, ,0.00,0.00,,4.04
6/17/17,15:22:0,, ,, ,0.00,0.00,,4.02
6/17/17,15:23:0,, ,, ,0.00,0.00,,4.02
6/17/17,15:24:0,, ,, ,0.00,0.00,,4.03
6/17/17,15:25:0,, ,, ,0.00,0.00,,4.02
6/17/17,15:26:9,, ,, ,0.00,0.00,,4.03
6/17/17,15:27:0,, ,, ,0.00,0.00,,4.02
6/17/17,15:28:0,, ,, ,0.00,0.00,,4.02
6/17/17,15:29:0,, ,, ,0.00,0.00,,4.02
6/17/17,15:30:0,, ,, ,0.00,0.00,,4.02
6/17/17,15:31:33,8024.0175781250,W,3712.9536132812,N,642.20,0.00,,4.02
6/17/17,15:32:0,, ,, ,0.00,0.00,,4.02
6/17/17,15:33:0,, ,, ,0.00,0.00,,4.02
6/17/17,15:34:0,, ,, ,0.00,0.00,,4.03
6/17/17,15:35:0,, ,, ,0.00,0.00,,4.02
6/17/17,15:36:9,, ,, ,0.00,0.00,,4.02
6/17/17,15:37:0,, ,, ,0.00,0.00,,4.02
6/17/17,15:38:0,, ,, ,0.00,0.00,,4.02
6/17/17,15:39:0,, ,, ,0.00,0.00,,4.02
6/17/17,15:40:0,, ,, ,0.00,0.00,,4.02
6/17/17,15:41:9,, ,, ,0.00,0.00,,4.02
6/17/17,15:42:0,, ,, ,0.00,0.00,,4.02
6/17/17,15:43:0,, ,, ,0.00,0.00,,4.02
6/17/17,15:44:0,, ,, ,0.00,0.00,,4.02
6/17/17,15:45:0,, ,, ,0.00,0.00,,4.02
6/17/17,15:46:11,8024.0175781250,W,3712.9536132812,N,642.20,0.00,,4.02
6/17/17,15:47:0,, ,, ,0.00,0.00,,4.02
6/17/17,15:48:0,, ,, ,0.00,0.00,,4.02
6/17/17,15:49:0,, ,, ,0.00,0.00,,4.02
6/17/17,15:50:0,, ,, ,0.00,0.00,,4.06
6/17/17,15:51:9,, ,, ,0.00,0.00,,4.02
6/17/17,15:52:0,, ,, ,0.00,0.00,,4.02
6/17/17,15:53:0,, ,, ,0.00,0.00,,4.01
6/17/17,15:54:0,, ,, ,0.00,0.00,,4.02
6/17/17,15:55:0,, ,, ,0.00,0.00,,4.02
6/17/17,15:56:9,, ,, ,0.00,0.00,,4.02
6/17/17,15:57:0,, ,, ,0.00,0.00,,4.02
6/17/17,15:58:0,, ,, ,0.00,0.00,,4.03
6/17/17,15:59:0,, ,, ,0.00,0.00,,4.02
6/17/17,16:0:45,, ,, ,0.00,0.00,,4.02
6/17/17,16:1:32,8024.0214843750,W,3712.9577636719,N,644.80,0.00,,4.01
6/17/17,16:2:0,, ,, ,0.00,0.00,,4.02
6/17/17,16:3:0,, ,, ,0.00,0.00,,4.02
6/17/17,16:4:0,, ,, ,0.00,0.00,,4.02
6/17/17,16:5:0,, ,, ,0.00,0.00,,4.02
6/17/17,16:6:9,, ,, ,0.00,0.00,,4.02
6/17/17,16:7:0,, ,, ,0.00,0.00,,4.03
6/17/17,16:8:0,, ,, ,0.00,0.00,,4.02
6/17/17,16:9:0,, ,, ,0.00,0.00,,4.02
6/17/17,16:10:0,, ,, ,0.00,0.00,,4.02
6/17/17,16:11:9,, ,, ,0.00,0.00,,4.03
6/17/17,16:12:0,, ,, ,0.00,0.00,,4.02
6/17/17,16:13:0,, ,, ,0.00,0.00,,4.03
6/17/17,16:14:0,, ,, ,0.00,0.00,,4.03
6/17/17,16:15:0,, ,, ,0.00,0.91,,4.02
6/17/17,16:16:11,8024.0214843750,W,3712.9577636719,N,644.80,0.00,,4.03
6/17/17,16:17:0,, ,, ,0.00,0.01,,4.02
6/17/17,16:18:0,, ,, ,0.00,0.00,,4.02
6/17/17,16:19:0,, ,, ,0.00,1.07,,4.02
6/17/17,16:20:0,, ,, ,0.00,0.25,,4.02
6/17/17,16:21:9,, ,, ,0.00,0.53,,4.02
6/17/17,16:22:0,, ,, ,0.00,0.17,,4.02
6/17/17,16:23:0,, ,, ,0.00,0.28,,4.02
6/17/17,16:24:0,, ,, ,0.00,0.00,,4.02
6/17/17,16:25:0,, ,, ,0.00,0.00,,4.02
6/17/17,16:26:9,, ,, ,0.00,0.00,,4.03
6/17/17,16:27:0,, ,, ,0.00,0.00,,4.00
6/17/17,16:28:0,, ,, ,0.00,0.00,,4.02
6/17/17,16:29:0,, ,, ,0.00,0.00,,4.03
6/17/17,16:30:0,, ,, ,0.00,0.00,,4.02
6/17/17,16:31:45,8026.0478515625,W,3714.0822753906,N,639.60,0.00,,4.02
6/17/17,16:32:0,, ,, ,0.00,0.00,,4.08
6/17/17,16:33:0,, ,, ,0.00,0.00,,4.02
6/17/17,16:34:0,, ,, ,0.00,0.00,,4.02
6/17/17,16:35:0,, ,, ,0.00,0.00,,4.02
6/17/17,16:36:9,, ,, ,0.00,0.00,,4.02
6/17/17,16:37:0,, ,, ,0.00,0.00,,4.02
6/17/17,16:38:0,, ,, ,0.00,0.00,,4.02
6/17/17,16:39:0,, ,, ,0.00,0.00,,4.02
6/17/17,16:40:0,, ,, ,0.00,0.00,,4.02
6/17/17,16:41:9,, ,, ,0.00,0.00,,4.02
6/17/17,16:42:0,, ,, ,0.00,0.00,,4.02
6/17/17,16:43:0,, ,, ,0.00,0.00,,4.02
6/17/17,16:44:0,, ,, ,0.00,0.00,,4.02
6/17/17,16:45:0,, ,, ,0.00,0.00,,4.02
6/17/17,16:46:11,8026.0478515625,W,3714.0822753906,N,639.60,0.00,,4.02
6/17/17,16:47:0,, ,, ,0.00,0.00,,4.02
6/17/17,16:48:0,, ,, ,0.00,0.00,,4.02
6/17/17,16:49:0,, ,, ,0.00,0.00,,4.02
6/17/17,16:50:0,, ,, ,0.00,0.00,,4.02
6/17/17,16:51:9,, ,, ,0.00,0.00,,4.02
6/17/17,16:52:0,, ,, ,0.00,0.00,,4.02
6/17/17,16:53:0,, ,, ,0.00,0.00,,4.02
6/17/17,16:54:0,, ,, ,0.00,0.00,,4.02
6/17/17,16:55:0,, ,, ,0.00,0.04,,4.02
6/17/17,16:56:9,, ,, ,0.00,0.00,,4.02
6/17/17,16:57:0,, ,, ,0.00,0.07,,4.02
6/17/17,16:58:0,, ,, ,0.00,0.53,,4.02
6/17/17,16:59:0,, ,, ,0.00,0.20,,4.02
6/17/17,17:0:45,, ,, ,0.00,1.21,,4.02
6/17/17,17:2:0,8024.7905273438,W,3713.7783203125,N,634.00,0.24,,4.01
6/17/17,17:3:0,, ,, ,0.00,0.10,,4.01
6/17/17,17:4:0,, ,, ,0.00,0.53,,4.01
6/17/17,17:5:0,, ,, ,0.00,0.04,,4.01
6/17/17,17:6:9,, ,, ,0.00,0.00,,4.01
6/17/17,17:7:0,, ,, ,0.00,0.00,,4.01
6/17/17,17:8:0,, ,, ,0.00,0.00,,4.01
6/17/17,17:9:0,, ,, ,0.00,0.00,,4.10
6/17/17,17:10:0,, ,, ,0.00,0.00,,4.02
6/17/17,17:11:9,, ,, ,0.00,0.00,,4.02
6/17/17,17:12:0,, ,, ,0.00,0.00,,4.02
6/17/17,17:13:0,, ,, ,0.00,0.00,,4.01
6/17/17,17:14:0,, ,, ,0.00,0.00,,4.02
6/17/17,17:15:0,, ,, ,0.00,0.00,,4.02
6/17/17,17:16:10,8024.7905273438,W,3713.7783203125,N,634.00,0.00,,4.07
6/17/17,17:17:0,, ,, ,0.00,0.00,,4.02
6/17/17,17:18:0,, ,, ,0.00,0.00,,4.01
6/17/17,17:19:0,, ,, ,0.00,0.00,,4.02
6/17/17,17:20:0,, ,, ,0.00,0.00,,4.02
6/17/17,17:21:9,, ,, ,0.00,0.00,,4.02
6/17/17,17:22:0,, ,, ,0.00,0.00,,4.02
6/17/17,17:23:0,, ,, ,0.00,0.00,,4.02
6/17/17,17:24:0,, ,, ,0.00,0.00,,4.02
6/17/17,17:25:0,, ,, ,0.00,0.00,,4.02
6/17/17,17:26:9,, ,, ,0.00,0.00,,4.02
6/17/17,17:27:0,, ,, ,0.00,0.00,,4.02
6/17/17,17:28:0,, ,, ,0.00,0.00,,4.02
6/17/17,17:29:0,, ,, ,0.00,0.00,,4.02
6/17/17,17:30:0,, ,, ,0.00,0.00,,4.02
6/17/17,17:31:32,8024.0239257812,W,3712.9653320312,N,663.30,0.00,,4.02
6/17/17,17:32:0,, ,, ,0.00,0.00,,4.02
6/17/17,17:33:0,, ,, ,0.00,0.00,,4.02
6/17/17,17:34:0,, ,, ,0.00,0.00,,4.09
6/17/17,17:35:0,, ,, ,0.00,0.00,,4.01
6/17/17,17:36:9,, ,, ,0.00,0.00,,4.01
6/17/17,17:37:0,, ,, ,0.00,0.00,,4.03
6/17/17,17:38:0,, ,, ,0.00,0.00,,4.03
6/17/17,17:39:0,, ,, ,0.00,0.00,,4.02
6/17/17,17:40:0,, ,, ,0.00,0.00,,4.02
6/17/17,17:41:9,, ,, ,0.00,0.00,,4.02
6/17/17,17:42:0,, ,, ,0.00,0.00,,4.01
6/17/17,17:43:0,, ,, ,0.00,0.00,,4.03
6/17/17,17:44:0,, ,, ,0.00,0.00,,4.03
6/17/17,17:45:0,, ,, ,0.00,0.00,,4.03
6/17/17,17:46:11,8024.0239257812,W,3712.9653320312,N,663.30,0.00,,4.02
6/17/17,17:47:0,, ,, ,0.00,0.00,,4.02
6/17/17,17:48:0,, ,, ,0.00,0.00,,4.03
6/17/17,17:49:0,, ,, ,0.00,0.00,,4.08
6/17/17,17:50:0,, ,, ,0.00,0.00,,4.03
6/17/17,17:51:9,, ,, ,0.00,0.00,,4.03
6/17/17,17:52:0,, ,, ,0.00,0.00,,4.02
6/17/17,17:53:0,, ,, ,0.00,0.00,,4.03
6/17/17,17:54:0,, ,, ,0.00,0.00,,4.03
6/17/17,17:55:0,, ,, ,0.00,0.00,,4.02
6/17/17,17:56:9,, ,, ,0.00,0.00,,4.02
6/17/17,17:57:0,, ,, ,0.00,0.00,,4.03
6/17/17,17:58:0,, ,, ,0.00,0.00,,4.03
6/17/17,17:59:0,, ,, ,0.00,0.00,,4.03
6/17/17,18:0:45,, ,, ,0.00,0.00,,4.03
6/17/17,18:1:26,8024.0117187500,W,3712.9624023438,N,679.90,0.00,,4.03
6/17/17,18:2:0,, ,, ,0.00,0.00,,4.03
6/17/17,18:3:0,, ,, ,0.00,0.00,,4.03
6/17/17,18:4:0,, ,, ,0.00,0.00,,4.03
6/17/17,18:5:0,, ,, ,0.00,0.00,,4.03
6/17/17,18:6:9,, ,, ,0.00,0.00,,4.03
6/17/17,18:7:0,, ,, ,0.00,0.00,,4.02
6/17/17,18:8:0,, ,, ,0.00,0.00,,4.02
6/17/17,18:9:0,, ,, ,0.00,0.00,,4.03
6/17/17,18:10:0,, ,, ,0.00,0.00,,4.03
6/17/17,18:11:9,, ,, ,0.00,0.00,,4.03
6/17/17,18:12:0,, ,, ,0.00,0.00,,4.03
6/17/17,18:13:0,, ,, ,0.00,0.00,,4.07
6/17/17,18:14:0,, ,, ,0.00,0.00,,4.03
6/17/17,18:15:0,, ,, ,0.00,0.00,,4.03
6/17/17,18:16:11,8024.0117187500,W,3712.9624023438,N,679.90,0.00,,4.03
6/17/17,18:17:0,, ,, ,0.00,0.00,,4.02
6/17/17,18:18:0,, ,, ,0.00,0.00,,4.03
6/17/17,18:19:0,, ,, ,0.00,0.00,,4.03
6/17/17,18:20:0,, ,, ,0.00,0.00,,4.03
6/17/17,18:21:9,, ,, ,0.00,0.00,,4.03
6/17/17,18:22:0,, ,, ,0.00,0.00,,4.02
6/17/17,18:23:0,, ,, ,0.00,0.00,,4.03
6/17/17,18:24:0,, ,, ,0.00,0.00,,4.03
6/17/17,18:25:0,, ,, ,0.00,0.00,,4.03
6/17/17,18:26:9,, ,, ,0.00,0.00,,4.03
6/17/17,18:27:0,, ,, ,0.00,0.00,,4.03
6/17/17,18:28:0,, ,, ,0.00,0.00,,4.03
6/17/17,18:29:0,, ,, ,0.00,0.00,,4.03
6/17/17,18:30:0,, ,, ,0.00,0.00,,4.03
6/17/17,18:31:24,8024.0009765625,W,3712.9572753906,N,689.80,0.00,,4.03
6/17/17,18:32:0,, ,, ,0.00,0.00,,4.03
6/17/17,18:33:0,, ,, ,0.00,0.00,,4.02
6/17/17,18:34:0,, ,, ,0.00,0.00,,4.03
6/17/17,18:35:0,, ,, ,0.00,0.00,,4.03
6/17/17,18:36:9,, ,, ,0.00,0.00,,4.02
6/17/17,18:37:0,, ,, ,0.00,0.00,,4.03
6/17/17,18:38:0,, ,, ,0.00,0.00,,4.03
6/17/17,18:39:0,, ,, ,0.00,0.00,,4.03
6/17/17,18:40:0,, ,, ,0.00,0.00,,4.02
6/17/17,18:41:9,, ,, ,0.00,0.00,,4.03
6/17/17,18:42:0,, ,, ,0.00,0.00,,4.02
6/17/17,18:43:0,, ,, ,0.00,0.00,,4.02
6/17/17,18:44:0,, ,, ,0.00,2.49,,4.02
6/17/17,18:45:0,, ,, ,0.00,2.43,,4.03
6/17/17,18:46:11,8024.0009765625,W,3712.9572753906,N,689.80,0.60,,4.02
6/17/17,18:47:0,, ,, ,0.00,0.02,,4.02
6/17/17,18:48:0,, ,, ,0.00,0.03,,4.02
6/17/17,18:49:0,, ,, ,0.00,0.00,,4.02
6/17/17,18:50:0,, ,, ,0.00,0.00,,4.02
6/17/17,18:51:9,, ,, ,0.00,0.00,,4.01